City_ID,City,Lat,Lng,Max Temp,Humidity,Cloudiness,Wind Speed,Country,Date
0,quiberon,47.4841,-3.1196,18.93,80,12,3.13,FR,1687905134
1,weno,7.4515,151.8468,27.97,89,100,2.06,FM,1687905134
2,rustaq,23.3908,57.4244,30.66,70,100,2.14,OM,1687905134
3,puerto escondido,15.85,-97.0667,32.46,55,20,5.14,MX,1687905135
4,richards bay,-28.783,32.0377,17.0,93,2,1.54,ZA,1687904959
5,waitangi,-43.9535,-176.5597,12.68,92,100,5.36,NZ,1687905135
6,jamestown,42.097,-79.2353,20.01,85,100,5.66,US,1687904908
7,port mathurin,-19.6833,63.4167,22.38,58,71,2.97,MU,1687905135
8,port-aux-francais,-49.35,70.2167,2.6,80,93,8.97,TF,1687905135
9,petropavlovsk-kamchatsky,53.0452,158.6483,16.33,82,75,2.0,RU,1687905135
10,acapulco de juarez,16.8634,-99.8901,31.9,66,20,5.14,MX,1687905057
11,mugia,43.1041,-9.2179,20.09,84,24,9.65,ES,1687905136
12,thompson,55.7435,-97.8558,24.09,43,75,1.54,CA,1687905136
13,albany,42.6001,-73.9662,24.77,78,100,0.45,US,1687905136
14,puerto natales,-51.7236,-72.4875,0.93,99,100,0.18,CL,1687905136
15,utrik,11.2278,169.8474,28.06,81,100,8.42,MH,1687905136
16,st. john's,47.5649,-52.7093,13.77,89,75,7.2,CA,1687904973
17,atafu village,-8.5421,-172.5159,28.59,78,35,6.98,TK,1687905136
18,chifeng,42.2683,118.9636,27.09,29,100,2.06,CN,1687905137
19,edinburgh of the seven seas,-37.0676,-12.3116,12.32,71,50,1.08,SH,1687905137
20,flekkefjord,58.2971,6.6607,13.3,90,1,2.36,NO,1687905137
21,luderitz,-26.6481,15.1594,13.37,87,64,9.14,NA,1687905137
22,taoudenni,22.6783,-3.9836,38.5,15,60,2.35,ML,1687905137
23,adamstown,-25.066,-130.1015,21.06,74,89,12.15,PN,1687905137
24,prieska,-29.6641,22.7474,8.16,78,23,0.84,ZA,1687905137
25,mohr,54.3528,9.7167,13.97,82,1,2.57,DE,1687905138
26,west island,-12.1568,96.8225,23.99,88,75,6.17,CC,1687905138
27,alto araguaia,-17.3147,-53.2153,19.41,48,1,1.46,BR,1687905138
28,margaret river,-33.95,115.0667,12.81,74,78,2.9,AU,1687905138
29,arraial do cabo,-22.9661,-42.0278,22.29,83,0,10.38,BR,1687905138
30,auki,-8.7676,160.7034,27.69,79,81,3.52,SB,1687905138
31,ilulissat,69.2167,-51.1,8.01,66,100,5.14,GL,1687905138
32,wailua homesteads,22.0669,-159.378,28.44,71,0,8.23,US,1687905139
33,birzebbuga,35.8258,14.5269,23.42,80,0,2.51,MT,1687905139
34,mhamid,29.82,-5.72,34.6,13,49,4.84,MA,1687905139
35,udachny,66.4167,112.4,19.75,39,75,4.8,RU,1687905139
36,umiray,15.2206,121.4111,27.74,82,100,0.82,PH,1687905139
37,akureyri,65.6835,-18.0878,11.96,62,75,4.12,IS,1687905139
38,praia da vitoria,38.7333,-27.0667,21.53,88,75,6.26,PT,1687905139
39,bilibino,68.0546,166.4372,10.29,57,99,2.12,RU,1687905139
40,punta arenas,-53.15,-70.9167,1.06,93,100,6.69,CL,1687905028
41,saipan,15.1355,145.701,29.39,100,40,4.12,MP,1687905140
42,san angelo,31.4638,-100.437,43.91,14,0,7.2,US,1687905140
43,kapuskasing,49.4169,-82.4331,20.05,32,40,7.2,CA,1687905140
44,invercargill,-46.4,168.35,10.95,95,100,1.56,NZ,1687905080
45,lompoc,34.6391,-120.4579,24.45,74,75,8.23,US,1687905081
46,georgetown,5.4112,100.3354,26.96,90,20,2.06,MY,1687904903
47,fale old settlement,-9.3852,-171.2468,28.92,74,32,7.12,TK,1687905140
48,wewak,-3.5534,143.6268,26.85,84,72,3.57,PG,1687905140
49,devils lake,48.1128,-98.8651,25.06,64,75,3.6,US,1687905141
50,san lorenzo,-25.3333,-57.5333,21.52,64,0,2.24,PY,1687905141
51,corinto,37.9407,22.9573,24.38,67,1,1.95,GR,1687905141
52,isafjordur,66.0755,-23.124,8.06,95,100,7.62,IS,1687905141
53,smithers,54.7804,-127.1743,28.18,30,0,2.57,CA,1687905141
54,rongelap,11.1635,166.8941,27.98,81,99,7.56,MH,1687905141
55,mount isa,-20.7333,139.5,16.87,55,35,0.0,AU,1687905141
56,enewetak,11.3474,162.3373,28.18,79,89,7.76,MH,1687905141
57,tura,25.5198,90.2201,23.29,97,99,2.97,IN,1687905142
58,mil'kovo,55.6078,37.7956,16.22,90,100,1.36,RU,1687905142
59,whitehorse,60.7161,-135.0538,22.28,35,75,5.14,CA,1687905147
60,grytviken,-54.2811,-36.5092,-5.63,76,99,4.21,GS,1687905147
61,lihue,21.9789,-159.3672,28.77,63,0,8.23,US,1687905147
62,klyuchi,52.2667,79.1667,13.92,78,32,6.02,RU,1687905147
63,boa vista,2.8197,-60.6733,25.53,84,50,2.3,BR,1687905127
64,la'ie,21.6477,-157.9253,29.98,63,14,7.53,US,1687905148
65,muynoq,43.7683,59.0214,21.15,40,81,3.73,UZ,1687905148
66,olinda,-8.0089,-34.8553,24.48,86,32,5.02,BR,1687905148
67,happy valley-goose bay,53.3168,-60.3315,21.17,56,75,8.75,CA,1687904892
68,bathsheba,13.2167,-59.5167,25.34,94,75,4.63,BB,1687905148
69,rio grande,-32.035,-52.0986,16.08,96,100,4.79,BR,1687905149
70,ushuaia,-54.8,-68.3,-4.19,68,20,2.57,AR,1687905149
71,hamilton,39.1834,-84.5333,24.69,69,75,5.14,US,1687905149
72,yellowknife,62.456,-114.3525,24.29,41,20,4.63,CA,1687905149
73,gaspe,48.8334,-64.4819,16.12,88,75,2.57,CA,1687905014
74,hastings,50.8552,0.5729,18.32,42,86,4.75,GB,1687905149
75,glendive,47.1053,-104.7125,22.88,82,100,2.06,US,1687905149
76,mount pearl,47.5166,-52.7813,9.62,89,75,7.2,CA,1687905149
77,sabang,5.8933,95.3214,28.15,77,100,4.97,ID,1687905150
78,nizhnesortymskiy,62.4397,71.7603,13.02,63,98,2.13,RU,1687905150
79,isiolo,0.3546,37.5822,19.01,74,22,3.46,KE,1687905150
80,puerto ayora,-0.7393,-90.3518,28.98,85,31,2.68,EC,1687905150
81,avarua,-21.2078,-159.775,25.03,83,100,4.63,CK,1687905103
82,plouzane,48.3833,-4.6167,18.03,85,0,2.06,FR,1687905150
83,iskateley,67.6803,53.1512,5.79,89,100,3.48,RU,1687905150
84,bac lieu,9.285,105.7244,26.95,82,92,3.8,VN,1687905150
85,camabatela,-8.1881,15.375,14.82,77,6,0.95,AO,1687905156
86,carutapera,-1.195,-46.02,24.11,93,76,2.73,BR,1687905156
87,praia,14.9215,-23.5087,25.3,73,20,6.17,CV,1687905156
88,tromso,69.6496,18.957,11.88,82,0,4.63,NO,1687905156
89,buritis,-15.6178,-46.4233,22.85,43,32,1.22,BR,1687905156
90,jindabyne,-36.4167,148.6333,4.71,93,100,0.62,AU,1687905157
91,seymour,38.9592,-85.8903,26.53,68,75,1.34,US,1687905124
92,tame,6.461,-71.73,23.75,91,100,0.05,CO,1687905157
93,praia a mare,39.9009,15.7793,22.24,78,0,1.41,IT,1687905157
94,quelimane,-17.8786,36.8883,17.97,88,20,1.03,MZ,1687905157
95,ryotsu-minato,38.0833,138.4333,23.39,92,93,5.72,JP,1687905157
96,amahai,-3.3333,128.9167,30.05,86,75,0.96,ID,1687905157
97,victorica,-36.2151,-65.4359,10.84,37,0,4.07,AR,1687905158
98,nova vicosa,-17.8919,-39.3719,22.27,81,4,2.91,BR,1687905158
99,longyearbyen,78.2186,15.6401,7.91,87,75,1.54,SJ,1687905158
100,bethel,41.3712,-73.414,25.2,78,75,4.63,US,1687905158
101,bubaque,11.2833,-15.8333,26.87,76,100,4.32,GW,1687905158
102,manikpur,25.0667,81.1167,28.92,70,51,2.96,IN,1687905158
103,yulinshi,38.2906,109.7494,20.98,84,100,0.63,CN,1687905158
104,papatowai,-46.5619,169.4708,10.58,97,100,3.37,NZ,1687905159
105,myitkyina,25.3833,97.4,23.92,98,70,0.55,MM,1687905159
106,yelizovo,53.1873,158.3805,17.08,82,75,2.0,RU,1687905159
107,selibaby,15.159,-12.1829,35.37,22,88,2.55,MR,1687905159
108,taltal,-25.4,-70.4833,17.54,75,25,1.26,CL,1687905159
109,bengkulu,-3.8004,102.2655,23.72,90,98,2.29,ID,1687905159
110,nsanje,-16.92,35.262,15.94,76,6,0.79,MW,1687905159
111,santa ana de yacuma,-13.75,-65.4333,29.97,66,75,0.0,BO,1687905159
112,waingapu,-9.6567,120.2641,25.03,82,24,1.43,ID,1687905160
113,college,64.8569,-147.8028,20.67,48,75,2.57,US,1687905160
114,piacabucu,-10.4056,-36.4344,23.23,89,76,3.85,BR,1687905160
115,afaahiti,-17.75,-149.2833,28.93,75,14,10.84,PF,1687905160
116,blackmans bay,-43.0167,147.3167,6.07,82,59,4.25,AU,1687905160
117,akhaltsikhe,41.639,42.9826,13.93,92,78,0.19,GE,1687905160
118,ribeira grande,38.5167,-28.7,20.99,85,16,7.15,PT,1687905160
119,holualoa,19.6228,-155.9522,27.1,75,40,4.63,US,1687905160
120,sao lourenco do sul,-31.3653,-51.9783,16.65,96,100,2.33,BR,1687904951
121,monrovia,6.3005,-10.7969,23.87,75,94,5.53,LR,1687905161
122,pacific grove,36.6177,-121.9166,21.01,80,100,4.63,US,1687905107
123,katsuura,35.1333,140.3,24.02,95,100,5.44,JP,1687905161
124,severo-yeniseyskiy,60.3725,93.0408,10.36,67,72,1.34,RU,1687905161
125,i-n-salah,27.1935,2.4607,36.03,11,65,6.31,DZ,1687905161
126,kodiak,57.79,-152.4072,8.73,93,100,6.17,US,1687905161
127,kundiawa,-6.0167,144.9667,20.76,72,29,1.04,PG,1687905161
128,nikel,69.4128,30.222,8.1,80,85,1.07,RU,1687905161
129,dudinka,69.4058,86.1778,10.9,61,47,2.17,RU,1687905161
130,plottier,-38.9667,-68.2333,10.95,54,0,1.54,AR,1687905162
131,queenstown,-31.8976,26.8753,9.62,92,100,1.01,ZA,1687905162
132,hawaiian paradise park,19.5933,-154.9731,25.41,86,100,3.09,US,1687905162
133,zinjibar,13.1287,45.3807,30.74,67,63,3.53,YE,1687905162
134,bardai,11.65,7.2333,25.27,73,97,4.46,NG,1687905162
135,sal rei,16.1833,-22.9167,23.39,83,10,4.84,CV,1687905162
136,yuzhno-kurilsk,44.0306,145.8556,13.37,98,100,5.41,RU,1687905162
137,vihti,60.417,24.3197,18.06,78,19,1.45,FI,1687905163
138,porto novo,6.4965,2.6036,25.9,85,100,4.42,BJ,1687905163
139,uturoa,-16.7333,-151.4333,26.81,71,0,10.64,PF,1687905163
140,kattivakkam,13.2167,80.3167,29.48,79,100,6.37,IN,1687905163
141,hermanus,-34.4187,19.2345,14.33,87,100,2.31,ZA,1687905163
142,ta`u,-14.2336,-169.5144,27.69,72,94,6.42,AS,1687905163
143,iwanai,42.9744,140.5089,20.73,96,100,2.41,JP,1687905164
144,ludvika,60.1496,15.1878,15.89,88,32,1.12,SE,1687905164
145,jayapura,-2.5333,140.7,25.66,80,74,2.02,ID,1687905164
146,ust-nera,64.5667,143.2,22.06,55,55,2.46,RU,1687905164
147,chichimila,20.6167,-88.2167,29.89,64,90,2.14,MX,1687905164
148,dryden,49.7833,-92.7503,21.16,68,75,2.57,CA,1687905123
149,cidreira,-30.1811,-50.2056,17.82,83,57,2.81,BR,1687905165
150,ola,59.5833,151.2833,13.1,83,63,2.28,RU,1687905165
151,karratha,-20.7377,116.8463,13.24,44,0,8.92,AU,1687905165
152,hilo,19.7297,-155.09,27.38,87,100,3.09,US,1687905165
153,cassilandia,-19.1133,-51.7342,20.11,48,0,1.77,BR,1687905165
154,jhinjhak,26.5667,79.7333,31.77,56,93,5.36,IN,1687905165
155,labytnangi,66.6572,66.4183,8.3,64,100,3.02,RU,1687905138
156,ago-are,8.5,3.4167,22.69,96,95,3.45,NG,1687905166
157,timbuktu,16.7735,-3.0074,28.02,62,79,6.75,ML,1687905166
158,nema,57.5067,50.5011,12.5,81,9,1.1,RU,1687905166
159,chota,-6.55,-78.65,14.45,84,71,2.02,PE,1687905166
160,port lincoln,-34.7333,135.8667,11.5,69,25,4.54,AU,1687905089
161,san luis de la loma,17.2706,-100.8939,31.08,65,32,3.63,MX,1687905167
162,namibe,-15.1961,12.1522,15.74,70,8,3.91,AO,1687905167
163,east london,-33.0153,27.9116,17.13,84,100,9.94,ZA,1687905168
164,thunder bay,48.4001,-89.3168,21.99,56,20,5.14,CA,1687905114
165,hithadhoo,-0.6,73.0833,27.83,70,41,2.15,MV,1687905168
166,flin flon,54.7682,-101.865,22.91,60,75,2.57,CA,1687905168
167,maun,-19.9833,23.4167,16.98,45,0,2.57,BW,1687905168
168,aioun,16.6614,-9.6149,34.88,27,99,2.02,MR,1687905168
169,badger,64.8,-147.5333,20.63,47,40,2.57,US,1687905168
170,pasni,25.2631,63.471,29.03,85,84,3.89,PK,1687905169
171,margate,51.3813,1.3862,18.82,78,100,2.24,GB,1687905037
172,kerikeri,-35.2268,173.9474,14.32,76,11,3.9,NZ,1687905169
173,okhotsk,59.3833,143.3,14.15,82,92,1.93,RU,1687905169
174,polonnaruwa,7.9333,81.0,26.89,71,94,3.68,LK,1687905169
175,souillac,-20.5167,57.5167,20.21,83,20,3.09,MU,1687905169
176,kill devil hills,36.0307,-75.676,28.0,78,40,7.72,US,1687905170
177,howard springs,-12.497,131.047,23.95,67,59,2.43,AU,1687905170
178,fort mcmurray,56.7268,-111.381,23.77,53,75,1.54,CA,1687905126
179,hasaki,35.7333,140.8333,27.34,93,99,4.89,JP,1687905170
180,kunshan,31.3776,120.9543,27.17,80,55,3.25,CN,1687905170
181,sittwe,20.15,92.9,26.34,88,100,3.1,MM,1687905170
182,port elizabeth,-33.918,25.5701,16.29,87,20,8.75,ZA,1687904874
183,nova sintra,14.8667,-24.7167,20.88,79,10,5.68,CV,1687905170
184,stanley,54.868,-1.6985,16.01,92,40,1.03,GB,1687905171
185,jiangyan,32.5061,120.1428,28.07,78,89,2.79,CN,1687905171
186,saint george's,12.0564,-61.7485,26.82,89,40,4.12,GD,1687905171
187,kirensk,57.7853,108.1119,11.59,98,100,3.95,RU,1687905171
188,koupela,12.1794,-0.3517,26.94,64,99,3.67,BF,1687905171
189,ancud,-41.8697,-73.8203,8.99,86,29,7.04,CL,1687905171
190,susuman,62.7833,148.1667,17.51,65,95,2.64,RU,1687905172
191,tiksi,71.6872,128.8694,6.24,75,96,5.31,RU,1687905172
192,riverton,40.5219,-111.9391,27.73,33,40,3.58,US,1687905172
193,iqaluit,63.7506,-68.5145,4.85,80,100,5.14,CA,1687905012
194,nizao,18.25,-70.2,30.26,71,75,2.78,DO,1687905172
195,nantucket,41.2835,-70.0995,23.03,94,100,6.69,US,1687905172
196,kuopio,62.8924,27.677,18.97,68,0,0.51,FI,1687905172
197,vila velha,-20.3297,-40.2925,22.75,87,0,4.31,BR,1687904988
198,rio verde de mato grosso,-18.9181,-54.8442,21.76,46,0,1.68,BR,1687905173
199,tullins,45.2986,5.4861,21.16,48,0,1.54,FR,1687905173
200,la palma,33.8464,-118.0467,32.18,57,0,4.63,US,1687905018
201,olonkinbyen,70.9221,-8.7187,7.31,94,2,6.11,SJ,1687905173
202,polyarnyy,69.1989,33.4478,10.48,78,78,1.11,RU,1687905173
203,talnakh,69.4865,88.3972,10.67,70,100,1.43,RU,1687905173
204,la passe,45.5549,-0.8967,21.13,74,51,3.92,FR,1687905173
205,aykhal,66.0,111.5,18.81,39,87,4.16,RU,1687905173
206,saynshand,44.8824,110.1163,18.15,46,74,5.98,MN,1687905174
207,angaur state,6.906,134.13,27.91,73,100,3.52,PW,1687905174
208,vorgashor,67.5833,63.95,7.39,71,83,2.1,RU,1687905174
209,al qabil,22.571,58.6947,28.23,68,100,3.51,OM,1687905174
210,tiznit,29.5833,-9.5,29.26,30,32,0.76,MA,1687905174
211,turinsk,58.0458,63.696,9.59,84,57,2.86,RU,1687905174
212,yel'nya,54.5786,33.1837,12.48,98,92,3.46,RU,1687905174
213,brookings,44.3114,-96.7984,24.54,60,0,4.63,US,1687904907
214,chos malal,-37.3781,-70.2709,4.65,70,3,3.68,AR,1687905175
215,port alfred,-33.5906,26.891,16.77,84,100,3.13,ZA,1687905175
216,khandyga,62.6667,135.6,22.65,72,76,0.48,RU,1687905175
217,huarmey,-10.0681,-78.1522,21.49,77,10,4.48,PE,1687905175
218,imzouren,35.1463,-3.8497,22.6,78,0,1.03,MA,1687905175
219,tazovsky,67.4667,78.7,6.91,89,98,3.21,RU,1687905175
220,al bayda,32.7627,21.7551,18.18,97,19,2.16,LY,1687905175
221,padang,-0.9492,100.3543,25.03,88,94,1.65,ID,1687905176
222,fortuna,40.5982,-124.1573,15.37,93,100,5.14,US,1687905176
223,namsos,64.4662,11.4957,13.03,88,100,2.57,NO,1687905176
224,vadso,70.0744,29.7487,8.49,93,100,3.09,NO,1687905176
225,puerto rico,-26.796,-55.024,16.3,87,0,1.38,AR,1687905132
226,norilsk,69.3535,88.2027,10.79,68,99,1.44,RU,1687905176
227,nadym,65.5333,72.5167,7.69,89,92,4.93,RU,1687905176
228,trairi,-3.2778,-39.2689,25.65,78,14,4.09,BR,1687905176
229,bonthe,7.5264,-12.505,25.08,84,100,4.82,SL,1687905177
230,taulaga,-11.0553,-171.0883,28.11,79,59,7.3,AS,1687905177
231,aripuana,-9.1667,-60.6333,26.21,52,6,0.24,BR,1687905177
232,srivardhan,18.0333,73.0167,27.35,85,100,5.9,IN,1687905177
233,pisco,-13.7,-76.2167,21.03,64,20,5.14,PE,1687905177
234,benjamin constant,-4.3831,-70.0311,28.07,98,92,0.82,BR,1687905177
235,kouvola,60.8667,26.7,16.18,75,0,0.51,FI,1687905177
236,arteche,12.2645,125.4048,26.16,89,100,1.55,PH,1687905178
237,selfoss,63.9331,-20.9971,9.47,77,100,7.52,IS,1687905178
238,tsiombe,-25.3,45.4833,15.18,88,0,1.37,MG,1687905178
239,port moresby,-9.4431,147.1797,24.68,73,20,5.14,PG,1687905178
240,sinabang,2.4803,96.3801,25.89,84,98,0.95,ID,1687905178
241,tenno,39.9,139.9667,23.56,93,100,6.88,JP,1687905178
242,anadyr,64.75,177.4833,8.28,93,75,7.0,RU,1687905178
243,sitka,57.0531,-135.33,15.94,82,75,2.57,US,1687905179
244,wedgefield,28.4878,-81.0773,35.64,61,41,3.7,US,1687905179
245,untsukul',42.7115,46.7866,15.89,87,27,1.69,RU,1687905179
246,hungnam,39.8317,127.6186,23.27,74,19,3.69,KP,1687905179
247,al kharijah,25.4514,30.5464,29.26,21,0,2.39,EG,1687905179
248,delta del tigre,-34.7633,-56.3853,13.06,92,40,2.57,UY,1687905179
249,borova,50.1763,30.1043,17.89,97,100,3.43,UA,1687905179
250,ma'an,26.9775,110.7211,23.62,89,45,1.45,CN,1687905180
251,zouerate,22.7187,-12.4521,33.16,17,0,6.39,MR,1687905180
252,bandrele,-12.9067,45.1914,23.86,60,0,3.09,YT,1687905180
253,aasiaat,68.7098,-52.8699,2.62,92,100,2.24,GL,1687905180
254,kerman,30.2832,57.0788,23.92,23,0,2.06,IR,1687905130
255,keflavik,64.0049,-22.5624,11.24,87,100,7.2,IS,1687905180
256,senillosa,-39.0,-68.4167,10.88,46,1,8.66,AR,1687905180
257,kovalam,8.3667,76.9967,26.05,78,40,2.06,IN,1687905181
258,ganges,43.9338,3.7078,22.98,66,23,2.9,FR,1687905181
259,shamsabad,27.0167,78.1333,31.86,57,87,2.93,IN,1687905181
260,derzhavinsk,51.1,66.3167,11.08,86,34,6.74,KZ,1687905181
261,shiyan,32.6475,110.7781,26.04,88,99,0.61,CN,1687905182
262,bredasdorp,-34.5322,20.0403,11.11,95,89,1.86,ZA,1687905182
263,irtyshsk,53.3333,75.4572,13.08,90,100,2.44,KZ,1687905182
264,banda aceh,5.5577,95.3222,26.62,82,94,3.23,ID,1687905182
265,namtsy,62.7161,129.6658,21.75,79,22,1.93,RU,1687905182
266,bazarnyy karabulak,52.2683,46.4144,14.49,66,100,0.99,RU,1687905182
267,gorgan,36.8387,54.4348,23.98,65,20,3.09,IR,1687905183
268,vila franca do campo,37.7167,-25.4333,21.23,88,5,6.2,PT,1687905183
269,baharly,38.4362,57.4316,30.43,18,1,0.64,TM,1687905183
270,youghal,51.95,-7.8506,17.56,96,95,4.57,IE,1687905183
271,whakatane,-37.9585,176.9854,13.27,82,36,1.79,NZ,1687905183
272,mananjary,-21.2167,48.3333,16.89,88,53,2.69,MG,1687905183
273,gadzhiyevo,69.2551,33.3362,10.08,79,78,1.67,RU,1687905183
274,palikir - national government center,6.9248,158.1611,29.47,74,75,2.57,FM,1687905184
275,constantia,44.1833,28.65,19.38,63,0,5.23,RO,1687905184
276,pundong,-7.9522,110.3486,23.5,91,84,2.19,ID,1687905184
277,general acha,-37.377,-64.6043,10.4,43,1,3.96,AR,1687905184
278,ilaro,6.8865,3.0205,24.62,95,100,1.4,NG,1687905184
279,tofol,5.3248,163.0078,28.88,84,75,1.54,FM,1687905184
280,nishinoomote,30.7333,131.0,25.95,84,100,0.73,JP,1687905185
281,vernon,50.2581,-119.2691,34.4,23,40,1.03,CA,1687904923
282,kimbe,-5.5502,150.1429,27.61,64,35,2.66,PG,1687905185
283,guerrero negro,27.9769,-114.0611,21.53,63,9,8.05,MX,1687905185
284,trunovskoye,45.4878,42.1358,17.72,87,0,4.04,RU,1687905185
285,kalianget,-7.05,113.9333,25.92,80,39,2.99,ID,1687905185
286,castillos,-34.1667,-53.8333,11.93,97,100,2.15,UY,1687905185
287,nemuro,43.3236,145.575,13.9,99,100,7.41,JP,1687905185
288,vanino,49.0869,140.2543,14.26,99,100,1.49,RU,1687905134
289,sawa sawa,-4.4717,39.4846,24.13,80,3,5.51,KE,1687905186
290,araci,-11.3333,-38.9667,19.63,84,54,2.76,BR,1687905186
291,sao vicente,-23.9631,-46.3919,22.16,63,0,1.94,BR,1687905186
292,isahaya,32.8411,130.0431,27.63,81,75,6.69,JP,1687905186
293,san antonio de pale,-1.4014,5.6325,24.76,80,35,6.85,GQ,1687905186
294,canutama,-6.5339,-64.3831,27.27,64,100,0.36,BR,1687905187
295,miandrivazo,-19.5167,45.4667,16.76,46,27,1.08,MG,1687905187
296,portland,45.5234,-122.6762,29.21,44,75,3.09,US,1687905159
297,coquimbo,-29.9533,-71.3436,15.85,77,0,3.09,CL,1687905110
298,freeport,40.6576,-73.5832,26.2,80,0,6.17,US,1687905187
299,colonia,50.9333,6.95,18.86,70,0,0.51,DE,1687905022
300,ad dilam,23.9915,47.1627,32.23,13,31,1.67,SA,1687905187
301,valparaiso,-33.0393,-71.6273,16.67,72,0,4.12,CL,1687905188
302,santander jimenez,24.2167,-98.4667,35.81,32,11,9.59,MX,1687905188
303,porecatu,-22.7558,-51.3792,17.92,75,0,1.77,BR,1687905188
304,oriximina,-1.7656,-55.8661,26.74,62,61,1.56,BR,1687905188
305,belel,7.05,14.4333,16.81,96,100,0.99,CM,1687905188
306,danville,36.586,-79.395,28.36,58,0,3.09,US,1687904955
307,pangody,65.85,74.4859,9.3,92,100,3.17,RU,1687905188
308,lazaro cardenas,17.9583,-102.2,30.52,68,66,4.74,MX,1687905188
309,cheremushki,52.8356,91.3944,13.58,64,44,2.29,RU,1687905188
310,gufeng,26.9083,118.9819,22.16,93,100,0.86,CN,1687905189
311,tangalle,6.024,80.7911,25.6,83,100,3.35,LK,1687905189
312,newman,37.3138,-121.0208,32.23,10,66,1.0,US,1687905189
313,inirida,3.8653,-67.9239,22.58,99,97,0.38,CO,1687905190
314,yung shue wan,22.2333,114.1167,29.2,87,91,3.6,HK,1687905190
315,puerto lempira,15.2667,-83.7667,28.08,78,40,2.06,HN,1687905190
316,merizo village,13.2658,144.6691,29.99,87,96,5.94,GU,1687905190
317,lebu,-37.6167,-73.65,9.95,84,47,0.25,CL,1687905191
318,guarapari,-20.6667,-40.4975,22.72,88,0,4.83,BR,1687905191
319,zuni pueblo,35.0725,-108.8506,33.35,11,6,13.78,US,1687905191
320,flying fish cove,-10.4217,105.6791,23.82,83,100,4.63,CX,1687905191
321,"laikit, laikit ii (dimembe)",1.4792,124.9735,22.47,94,40,0.51,ID,1687905191
322,robertsport,6.7533,-11.3686,25.87,76,100,6.81,LR,1687905133
323,labuan,5.2767,115.2417,25.2,94,20,0.0,MY,1687905192
324,nuuk,64.1835,-51.7216,4.34,100,100,10.29,GL,1687905192
325,fort bragg,35.139,-79.006,32.08,47,20,6.17,US,1687905033
326,crane,31.3974,-102.3501,41.54,7,0,11.84,US,1687905192
327,thai nguyen,21.5928,105.8442,25.88,96,47,1.15,VN,1687905193
328,lorengau,-2.0226,147.2712,27.64,78,85,3.65,PG,1687905193
329,tartaro,15.1667,121.0167,28.67,82,91,1.11,PH,1687905193
330,phang nga,8.4509,98.5298,27.02,93,92,1.32,TH,1687905193
331,haiku-pauwela,20.9219,-156.3051,29.01,62,40,9.26,US,1687905193
332,terrace,54.5163,-128.6035,29.01,32,20,2.57,CA,1687905193
333,kotlas,61.2611,46.6556,14.6,63,67,1.58,RU,1687905193
334,mirny,62.5353,113.9611,18.51,57,99,2.1,RU,1687905194
335,nha trang,12.25,109.1833,26.0,91,59,2.01,VN,1687905194
336,sechura,-5.5569,-80.8222,25.11,65,24,8.2,PE,1687905194
337,tiadiaye,14.4167,-16.7,25.45,66,97,5.3,SN,1687905194
338,awjilah,29.1081,21.2869,25.18,63,0,7.23,LY,1687905194
339,alexander city,32.944,-85.9539,32.49,43,0,2.57,US,1687904921
340,seferihisar,38.1969,26.839,26.03,65,0,3.27,TR,1687905194
341,correntina,-13.3433,-44.6367,22.18,49,14,1.16,BR,1687905195
342,siracusa,37.0881,15.2792,24.65,73,0,0.24,IT,1687905195
343,shitanjing,39.2342,106.3439,20.66,33,99,1.44,CN,1687905195
344,mawu,29.5923,107.3139,23.46,87,100,2.04,CN,1687905195
345,bhawanipatna,19.9,83.1667,24.83,86,100,2.5,IN,1687905195
346,kirkland lake,48.1446,-80.0377,10.16,87,100,3.09,CA,1687905195
347,howrah,22.5892,88.3103,26.0,94,75,3.6,IN,1687905196
348,geneina,13.45,22.45,27.34,45,93,3.99,SD,1687905196
349,pariaman,-0.619,100.12,25.03,87,85,1.58,ID,1687905196
350,ruteng,-8.6136,120.4721,17.18,88,55,0.63,ID,1687905196
351,mabamba,-3.5983,30.5019,18.36,70,55,0.68,TZ,1687905196
352,coxen hole,16.3244,-86.5366,30.2,74,20,9.26,HN,1687905196
353,hovd,48.0056,91.6419,14.19,34,57,0.85,MN,1687905196
354,hailey,43.5196,-114.3153,20.0,44,40,5.14,US,1687905196
355,priargunsk,50.3691,119.1012,18.8,80,52,2.1,RU,1687905197
356,biryusinsk,55.9634,97.8235,10.35,76,0,1.95,RU,1687905197
357,kavaratti,10.5669,72.642,28.03,73,100,6.68,IN,1687905197
358,hotan,37.0997,79.9269,25.31,23,86,3.53,CN,1687905197
359,pionerskiy,54.9508,20.2275,13.91,84,83,6.63,RU,1687905197
360,sandnessjoen,66.0217,12.6316,14.29,97,100,4.72,NO,1687905198
361,santana,-0.0583,-51.1817,26.1,100,100,0.0,BR,1687905198
362,chadan,51.2833,91.5833,12.55,60,76,1.51,RU,1687905198
363,hami,42.8,93.45,23.69,23,0,1.56,CN,1687905198
364,la cruz,23.9167,-106.9,31.31,58,1,4.41,MX,1687905198
365,egilsstadir,65.2653,-14.3948,8.95,87,100,6.69,IS,1687905198
366,celestun,20.8667,-90.4,29.35,72,14,7.74,MX,1687905198
367,mont-dore,-22.2833,166.5833,21.99,99,76,5.04,NC,1687905198
368,kapa'a,22.0752,-159.319,29.18,71,0,8.23,US,1687905199
369,san patricio,28.017,-97.5169,35.05,48,7,8.1,US,1687905199
370,boise,43.6135,-116.2035,26.71,41,0,1.79,US,1687905116
371,serhetabat,35.2799,62.3438,24.18,18,0,2.52,TM,1687905199
372,kiunga,-6.1219,141.2906,23.36,98,99,1.43,PG,1687905199
373,christchurch,-43.5333,172.6333,10.51,91,100,1.03,NZ,1687905081
374,tonekabon,36.8163,50.8738,24.26,67,0,1.6,IR,1687905199
375,bereket,39.2446,55.5154,31.09,16,0,3.99,TM,1687905199
376,kotma,23.2,81.9667,26.15,79,100,3.39,IN,1687905200
377,mercedes,-34.6515,-59.4307,13.13,45,100,6.87,AR,1687905200
378,muisne,0.6,-80.0333,25.98,84,66,3.5,EC,1687905200
379,zhanaozen,43.3,52.8,28.29,21,99,7.33,KZ,1687905200
380,tazacorte,28.629,-17.9293,23.54,88,0,1.54,ES,1687905200
381,gilleleje,56.122,12.3106,16.66,79,68,8.49,DK,1687905200
382,taseyevo,57.2169,94.8978,10.98,73,11,2.27,RU,1687905200
383,doljesti,47.0333,26.9833,18.2,86,92,4.01,RO,1687905205
384,aginskoye,51.1,114.53,12.04,70,99,5.35,RU,1687905206
385,yerofey pavlovich,53.9667,121.9667,18.62,91,100,1.61,RU,1687905206
386,san jose de guanipa,8.8872,-64.1651,27.71,69,81,1.9,VE,1687905206
387,bagula,23.3167,88.65,25.6,92,91,3.85,IN,1687905206
388,buka,40.8108,69.1986,21.78,28,0,1.12,UZ,1687905206
389,wichian buri,15.6578,101.106,24.44,91,100,0.82,TH,1687905206
390,luganville,-15.5333,167.1667,23.76,60,8,2.5,VU,1687905206
391,pangai,-19.8,-174.35,26.06,73,20,6.69,TO,1687905206
392,kudahuvadhoo,2.6708,72.8944,27.97,73,99,4.52,MV,1687905207
393,pokaran,26.9167,71.9167,30.12,60,100,4.7,IN,1687905207
394,sao joao do paraiso,-15.3136,-42.0144,16.16,65,0,2.84,BR,1687905207
395,muroto-misakicho,33.2833,134.15,24.82,91,90,4.19,JP,1687905207
396,tolanaro,-25.0319,46.9987,16.04,94,20,2.06,MG,1687905207
397,malazgirt,39.1427,42.5401,15.26,70,2,1.94,TR,1687905207
398,kununurra,-15.7667,128.7333,22.99,60,75,4.63,AU,1687904968
399,veinticinco de mayo,-35.4323,-60.1727,9.99,73,100,0.89,AR,1687905208
400,limon,10.0,-83.0333,28.94,79,75,1.54,CR,1687905208
401,san pedro pochutla,15.7333,-96.4667,32.06,69,80,2.3,MX,1687905208
402,garachico,28.7781,-17.7646,22.06,78,0,1.54,ES,1687905208
403,kalyny,48.1408,23.8738,13.55,93,100,0.74,UA,1687905208
404,the pas,53.8251,-101.2541,24.01,53,75,4.63,CA,1687905208
405,las heras,-46.5419,-68.9359,0.89,81,22,0.19,AR,1687905208
406,piti village,13.4626,144.6933,30.17,81,0,3.6,GU,1687905208
407,trapani,37.8333,12.6667,23.27,88,0,0.0,IT,1687905209
408,vesele,47.0148,34.915,17.44,70,2,3.45,UA,1687905209
409,dolores,-36.3132,-57.6792,9.14,74,82,3.65,AR,1687905209
410,adoru,6.9766,7.1627,23.28,98,100,2.49,NG,1687905209
411,albu kamal,34.45,40.9186,29.82,35,0,6.41,SY,1687905209
412,saint-pierre,-21.3393,55.4781,21.98,56,100,3.09,RE,1687905209
413,stolin,51.8912,26.846,12.91,94,100,5.98,BY,1687905210
414,chonchi,-42.6128,-73.8092,8.56,94,31,1.33,CL,1687905210
415,bata,1.8639,9.7658,25.1,86,96,4.89,GQ,1687905210
416,ghat,24.9647,10.1728,31.5,15,4,1.18,LY,1687905210
417,mermoz boabab,14.7065,-17.4758,25.88,78,75,3.09,SN,1687905200
418,puerto leguizamo,-0.1934,-74.7819,24.6,88,91,0.94,CO,1687905211
419,barra de santo antonio,-9.4047,-35.5072,23.6,82,31,4.39,BR,1687905211
420,trincomalee,8.5711,81.2335,27.22,77,84,7.38,LK,1687905211
421,sakata,38.9167,139.855,25.1,88,75,3.09,JP,1687905211
422,alice springs,-23.7,133.8833,12.75,100,100,0.0,AU,1687905211
423,semirara,12.0697,121.3986,28.32,76,98,3.82,PH,1687905211
424,astrakhan,46.3497,48.0408,18.93,72,0,2.0,RU,1687905211
425,geraldton,-28.7667,114.6,6.23,75,0,2.06,AU,1687905164
426,albox,37.3886,-2.1495,26.52,42,2,0.48,ES,1687905212
427,carnarvon,-24.8667,113.6333,11.47,65,0,7.61,AU,1687905212
428,kingman,35.1894,-114.053,34.55,4,0,8.75,US,1687905212
429,quellon,-43.1167,-73.6167,8.14,93,100,4.63,CL,1687905212
430,rusk,31.796,-95.1502,36.99,47,0,2.57,US,1687904943
431,genhe,50.7833,121.5167,19.96,71,42,1.42,CN,1687905212
432,isangel,-19.55,169.2667,23.06,78,40,1.54,VU,1687905212
433,manggar,-2.8833,108.2667,26.98,83,94,5.24,ID,1687905213
434,al jawf,29.5,38.75,26.18,26,0,4.79,SA,1687905213
435,colotlan,22.1,-103.2667,33.6,14,18,4.88,MX,1687905213
436,long beach,33.767,-118.1892,29.99,65,0,4.63,US,1687905059
437,palmer,42.1584,-72.3287,24.34,72,75,4.12,US,1687905213
438,mendi,-6.1761,143.6513,15.64,89,79,0.56,PG,1687905213
439,champerico,14.3,-91.9167,27.7,81,100,6.93,GT,1687905213
440,nagqu,31.5,92.0,4.03,94,100,2.84,CN,1687905213
441,qaqortoq,60.7167,-46.0333,7.05,72,97,2.5,GL,1687905214
442,hadibu,12.65,54.0333,26.13,80,81,10.16,YE,1687905215
443,lugus,5.7036,120.8203,28.37,77,35,3.22,PH,1687905215
444,saint-leu,-21.15,55.2833,21.64,72,69,3.78,RE,1687905215
445,namdrik,5.5994,168.1028,25.33,88,100,6.26,MH,1687905215
446,el sauzal de rodriguez,31.9,-116.6833,20.79,65,10,4.48,MX,1687905216
447,puerto baquerizo moreno,-0.9,-89.6,27.55,69,40,5.66,EC,1687905216
448,san-pedro,4.7485,-6.6363,24.06,75,15,3.66,CI,1687905216
449,maceio,-9.6658,-35.7353,22.39,93,64,1.61,BR,1687905061
450,sevastopol,44.6,33.5333,21.3,68,0,0.53,UA,1687905171
451,chernyshevskiy,63.0128,112.4714,18.7,58,95,0.7,RU,1687905216
452,la ronge,55.1001,-105.2842,21.14,49,75,4.12,CA,1687905216
453,ulsteinvik,62.3432,5.8487,14.31,87,65,0.89,NO,1687905217
454,narasannapeta,18.4167,84.05,28.17,78,100,3.78,IN,1687905217
455,blenheim,-41.516,173.9528,8.07,91,100,0.45,NZ,1687905217
456,nouadhibou,20.931,-17.0347,21.99,88,20,8.23,MR,1687905217
457,shahritus,37.2637,68.1385,27.02,16,17,1.78,TJ,1687905217
458,glace bay,46.1969,-59.957,19.94,93,100,4.12,CA,1687905217
459,bel ombre,-4.6167,55.4167,25.91,73,20,2.57,SC,1687905217
460,vilyuchinsk,52.9306,158.4028,17.15,76,94,0.2,RU,1687905217
461,habbouch,33.4075,35.4828,22.09,70,0,0.52,LB,1687905218
462,rumonge,-3.9736,29.4386,23.76,68,92,1.84,BI,1687905218
463,villa gesell,-37.2639,-56.973,9.47,79,98,5.58,AR,1687905005
464,oulainen,64.2667,24.8,13.78,95,79,1.5,FI,1687905218
465,kavieng,-2.5744,150.7967,28.31,70,53,4.99,PG,1687905218
466,lerwick,60.1545,-1.1494,14.0,96,97,8.14,GB,1687905218
467,mahina,-17.5065,-149.489,29.87,54,20,7.2,PF,1687905218
468,greymouth,-42.4667,171.2,11.19,86,76,2.25,NZ,1687905219
469,baganga,7.5739,126.56,26.88,82,100,1.77,PH,1687905219
470,calama,-22.4667,-68.9333,21.27,6,0,5.14,CL,1687905083
471,al muwayh,22.4333,41.7583,30.99,16,72,3.07,SA,1687905219
472,chateaubelair,13.2833,-61.25,25.29,94,75,3.6,VC,1687905219
473,usinsk,65.9939,57.5281,9.25,95,100,2.53,RU,1687905148
474,kargil,34.5667,76.1,11.73,63,18,2.45,IN,1687905219
475,aldama,22.9167,-98.0667,37.5,50,9,6.58,MX,1687905220
476,guixi,28.2886,117.2133,26.11,87,97,1.63,CN,1687905220
477,lata,40.1629,-8.3327,23.29,83,0,0.6,PT,1687905220
478,hobyo,5.3505,48.5268,25.04,83,61,11.45,SO,1687905220
479,borjomi,41.8527,43.4128,15.49,93,77,1.22,GE,1687905220
480,kiruna,67.8557,20.2251,13.51,77,7,2.06,SE,1687905220
481,kingston,17.997,-76.7936,29.53,87,75,4.12,JM,1687905098
482,fort st. john,56.2499,-120.8529,26.94,39,75,3.09,CA,1687904962
483,dogondoutchi,13.6393,4.0287,34.62,36,99,5.41,NE,1687905221
484,parvatipuram,18.7833,83.4333,26.97,72,92,0.73,IN,1687905221
485,eduardo castex,-35.915,-64.2945,10.61,37,1,4.01,AR,1687905221
486,la junta,37.985,-103.5438,37.26,19,0,6.17,US,1687905221
487,kailua-kona,19.6406,-155.9956,29.17,75,40,4.63,US,1687905080
488,tymovskoye,50.8456,142.655,19.97,71,79,0.94,RU,1687905221
489,camocim,-2.9022,-40.8411,26.19,78,47,5.65,BR,1687905222
490,male,4.1748,73.5089,28.97,79,75,4.12,MV,1687904992
491,les cayes,18.2,-73.75,27.34,82,100,1.86,HT,1687905222
492,yeed,4.55,43.0333,24.12,71,98,7.81,SO,1687905222
493,kawm umbu,24.4767,32.9463,31.47,18,0,6.28,EG,1687905222
494,atlantic,39.4668,-74.6663,24.38,78,59,0.45,US,1687905222
495,nueve de julio,-35.4444,-60.8831,11.09,69,100,0.45,AR,1687905222
496,asau,46.4333,26.4,14.6,98,97,0.38,RO,1687905222
497,pathein,16.7833,94.7333,25.6,93,75,1.75,MM,1687905223
498,remire-montjoly,4.9167,-52.2667,24.02,100,0,0.0,GF,1687905223
499,sodankyla,67.4167,26.6,15.94,77,91,0.78,FI,1687905223
500,tongchuanshi,35.0806,109.0897,21.73,88,100,0.56,CN,1687905223
501,east ballina,-28.8667,153.5833,13.22,54,100,1.27,AU,1687905223
502,lampa,-33.2833,-70.9,12.45,66,75,1.03,CL,1687905223
503,ulety,51.3572,112.4849,10.81,81,73,5.24,RU,1687905223
504,zyryanskoye,56.8306,86.6258,13.56,71,100,3.83,RU,1687905224
505,klaksvik,62.2266,-6.589,11.51,97,100,6.55,FO,1687905224
506,papao,-17.75,-149.55,29.82,72,1,11.61,PF,1687905224
507,byerazino,53.8391,28.9879,12.44,94,100,2.79,BY,1687905224
508,zmiyiv,49.6966,36.3611,12.27,96,3,3.17,UA,1687905224
509,sibut,5.718,19.0739,22.17,96,100,0.8,CF,1687905224
510,jiazi,22.8779,116.067,26.98,86,99,2.49,CN,1687905225
511,sao felix do xingu,-6.6447,-51.995,23.88,56,2,1.28,BR,1687905225
512,takoradi,4.8845,-1.7554,24.98,80,100,3.59,GH,1687905225
513,odienne,9.51,-7.5692,22.32,97,56,1.92,CI,1687905225
514,dzilam gonzalez,21.2833,-88.9333,30.56,62,21,4.94,MX,1687905225
515,dullewala,31.8359,71.4362,33.39,42,79,1.54,PK,1687905225
516,chu,43.5983,73.7614,20.49,29,7,3.75,KZ,1687905225
517,kuqa,41.7278,82.9364,25.28,31,95,1.8,CN,1687905226
518,ulladulla,-35.35,150.4667,11.85,64,100,2.06,AU,1687905226
519,revda,56.801,59.9303,8.7,97,35,2.04,RU,1687905226
520,seririt,-8.1928,114.9388,23.78,89,67,2.55,ID,1687905226
521,dubbo,-32.25,148.6167,8.07,93,100,1.03,AU,1687905226
522,igarka,67.4667,86.5833,11.23,77,97,1.5,RU,1687905226
523,vurnary,55.4904,46.9648,12.98,76,97,1.31,RU,1687905226
524,bocaiuva,-17.1078,-43.815,21.84,39,0,2.67,BR,1687905227
525,cartagena del chaira,1.3349,-74.8429,25.73,79,89,0.73,CO,1687905227
526,callao,-12.0667,-77.15,22.62,68,75,6.17,PE,1687905227
527,new norfolk,-42.7826,147.0587,6.72,90,70,1.39,AU,1687905227
528,knokke-heist,51.3333,3.3333,18.42,53,100,0.73,BE,1687904949
529,westport,41.1415,-73.3579,25.9,77,0,4.12,US,1687904932
530,xo'jaobod,40.666,72.5682,23.43,40,33,2.78,UZ,1687905227
531,xifeng,42.7372,124.7222,23.47,73,57,4.95,CN,1687905228
532,nyazepetrovsk,56.0531,59.6028,8.1,97,48,1.42,RU,1687905228
533,ingeniero jacobacci,-41.3427,-69.5448,3.48,76,19,10.69,AR,1687905228
534,chandur,19.7333,79.1833,24.24,91,100,2.9,IN,1687905228
535,el alto,-4.2714,-81.2147,24.81,77,49,6.76,PE,1687905228
536,saldanha,-33.0117,17.9442,10.03,87,100,3.3,ZA,1687905228
537,chui,-33.6971,-53.4616,11.84,94,100,4.91,UY,1687905228
538,bocas del toro,9.3333,-82.25,26.17,69,48,1.79,PA,1687905228
539,yingshang chengguanzhen,32.6295,116.2701,28.85,71,95,2.49,CN,1687905229
540,guiratinga,-16.3494,-53.7583,21.73,44,0,1.87,BR,1687905229
541,montmorillon,46.4167,0.6667,16.94,74,15,1.88,FR,1687905229
542,bechar,31.6167,-2.2167,36.18,11,40,2.06,DZ,1687905030
543,mawlamyinegyunn,16.3833,95.2667,25.72,93,68,1.56,MM,1687905229
544,minapasoc,10.6989,123.349,25.76,81,85,1.73,PH,1687905229
545,bangassou,4.7413,22.8184,20.86,93,82,0.43,CF,1687905229
546,sisimiut,66.9395,-53.6735,4.17,87,96,4.44,GL,1687905230
547,kidal,18.4411,1.4078,36.51,17,66,4.22,ML,1687905230
548,plasnica,41.4672,21.1231,15.55,79,2,1.6,MK,1687905230
549,inyonga,-6.7167,32.0667,19.07,55,2,1.68,TZ,1687905230
550,yorkton,51.2167,-102.4677,18.91,72,100,8.23,CA,1687905065
551,mount horeb,43.0086,-89.7385,27.98,47,8,0.89,US,1687905230
552,island harbour,50.724,-1.2758,19.02,89,98,2.68,GB,1687905230
553,qarauyl,48.9451,79.255,15.62,50,25,4.66,KZ,1687905231
554,encarnacion,-27.3333,-55.9,23.29,68,0,2.06,PY,1687905231
555,viedma,-40.8135,-62.9967,8.44,71,3,2.94,AR,1687905231
556,bayji,34.9311,43.487,30.78,23,0,4.58,IQ,1687905231
557,dawei,14.0833,98.2,25.07,91,93,0.99,MM,1687905231
558,beni amrane,36.6677,3.5912,21.29,51,4,1.57,DZ,1687905231
559,domna,51.8971,113.1573,12.09,76,40,5.0,RU,1687905231
560,xapuri,-10.6517,-68.5044,27.48,51,29,1.07,BR,1687905232
561,kale,50.9581,1.8521,17.22,92,94,6.01,FR,1687905232
562,parnu,58.3859,24.4971,17.05,82,20,2.06,EE,1687905232
563,bikenibeu village,1.3673,173.1241,25.98,89,100,3.09,KI,1687905232
564,peace river,56.2501,-117.286,29.17,32,20,3.09,CA,1687905232
565,kromy,52.6876,35.7667,13.14,98,100,1.94,RU,1687905232
